﻿ [
    {
      "ImageName": "iconm",
      "Width": "48",
      "Height": "48",
      "Scale": "Mdpi"
    },
    {
      "ImageName": "iconh",
      "Width": "72",
      "Height": "72",
      "Scale": "Hdpi"
    },
    {
      "ImageName": "iconx",
      "Width": "96",
      "Height": "96",
      "Scale": "xHdpi"
    },
    {
      "ImageName": "iconxx",
      "Width": "144",
      "Height": "144",
      "Scale": "xxHdpi"
    },
    {
      "ImageName": "iconxxx",
      "Width": "192",
      "Height": "192",
      "Scale": "xxxHdpi"
    }
  ]

